,Date,GHI
0,2019-07-01,3.256608333
1,2019-07-02,3.976766667
2,2019-07-03,2.811866667
3,2019-07-04,3.658408333
4,2019-07-05,5.590683333
5,2019-07-06,5.179733333
6,2019-07-07,4.120733333
7,2019-07-08,5.707991667
8,2019-07-09,6.469825
9,2019-07-10,5.811891667
10,2019-07-11,6.261125
11,2019-07-12,6.404208333
12,2019-07-13,5.996333333
13,2019-07-14,6.084766667
14,2019-07-15,5.092958333
15,2019-07-16,3.32445
16,2019-07-17,1.661191667
17,2019-07-18,3.641041667
18,2019-07-19,4.51005
19,2019-07-20,4.622266667
20,2019-07-21,4.940125
21,2019-07-22,5.558991667
22,2019-07-23,5.547308333
23,2019-07-24,6.427508333
24,2019-07-25,3.8688
25,2019-07-26,6.74835
26,2019-07-27,4.966391667
27,2019-07-28,3.974058333
28,2019-07-29,4.118708333
29,2019-07-30,5.475133333
30,2019-07-31,5.032158333
31,2019-08-01,4.860941667
32,2019-08-02,3.657125
33,2019-08-03,3.925425
34,2019-08-04,4.879466667
35,2019-08-05,4.471466667
36,2019-08-06,2.410733333
37,2019-08-07,2.326983333
38,2019-08-08,3.530166667
39,2019-08-09,3.053108333
40,2019-08-10,3.532608333
41,2019-08-11,4.233616667
42,2019-08-12,4.935833333
43,2019-08-13,6.107708333
44,2019-08-14,5.945841667
45,2019-08-15,5.121266667
46,2019-08-16,5.110308333
47,2019-08-17,4.57005
48,2019-08-18,5.784266667
49,2019-08-19,6.238091667
50,2019-08-20,4.469258333
51,2019-08-21,4.319041667
52,2019-08-22,4.894641667
53,2019-08-23,6.059475
54,2019-08-24,5.11375
55,2019-08-25,5.133858333
56,2019-08-26,4.25785
57,2019-08-27,6.652741667
58,2019-08-28,5.018358333
59,2019-08-29,2.875591667
60,2019-08-30,3.195216667
61,2019-08-31,6.1398
62,2019-09-01,4.582075
63,2019-09-02,2.78235
64,2019-09-03,2.914716667
65,2019-09-04,2.924125
66,2019-09-05,4.055225
67,2019-09-06,5.574541667
68,2019-09-07,2.775916667
69,2019-09-08,4.570908333
70,2019-09-09,4.864208333
71,2019-09-10,5.792425
72,2019-09-11,5.639958333
73,2019-09-12,6.476283333
74,2019-09-13,2.53245
75,2019-09-14,2.974508333
76,2019-09-15,2.552158333
77,2019-09-16,1.98435
78,2019-09-17,2.967916667
79,2019-09-18,1.494691667
80,2019-09-19,4.91405
81,2019-09-20,3.92075
82,2019-09-21,4.271341667
83,2019-09-22,3.994125
84,2019-09-23,4.478916667
85,2019-09-24,5.927058333
86,2019-09-25,5.151191667
87,2019-09-26,4.275775
88,2019-09-27,5.9795
89,2019-09-28,5.166
90,2019-09-29,5.962158333
91,2019-09-30,4.655391667
92,2019-10-01,6.280383333
93,2019-10-02,3.846975
94,2019-10-03,5.304516667
95,2019-10-04,5.0467
96,2019-10-05,5.760425
97,2019-10-06,4.48295
98,2019-10-07,5.44895
99,2019-10-08,5.028433333
100,2019-10-09,4.364933333
101,2019-10-10,4.664875
102,2019-10-11,4.926133333
103,2019-10-12,4.569933333
104,2019-10-13,4.226025
105,2019-10-14,6.398408333
106,2019-10-15,5.518016667
107,2019-10-16,5.176558333
108,2019-10-17,6.094358333
109,2019-10-18,4.18685
110,2019-10-19,4.9675
111,2019-10-20,5.845408333
112,2019-10-21,4.296116667
113,2019-10-22,4.150366667
114,2019-10-23,4.634425
115,2019-10-24,4.577158333
116,2019-10-25,4.926375
117,2019-10-26,5.485858333
118,2019-10-27,5.982341667
119,2019-10-28,5.172216667
120,2019-10-29,6.041108333
121,2019-10-30,5.4497
122,2019-10-31,2.721441667
123,2019-11-01,4.808541667
124,2019-11-02,4.273133333
125,2019-11-03,3.964708333
126,2019-11-04,4.952183333
127,2019-11-05,4.840366667
128,2019-11-06,3.10135
129,2019-11-07,3.981483333
130,2019-11-08,4.995958333
131,2019-11-09,4.715275
132,2019-11-10,2.07705
133,2019-11-11,1.413825
134,2019-11-12,5.475458333
135,2019-11-13,5.075183333
136,2019-11-14,4.823908333
137,2019-11-15,5.309941667
138,2019-11-16,3.784533333
139,2019-11-17,4.245008333
140,2019-11-18,4.003975
141,2019-11-19,4.947675
142,2019-11-20,4.982625
143,2019-11-21,5.125883333
144,2019-11-22,5.070808333
145,2019-11-23,4.5307
146,2019-11-24,4.63165
147,2019-11-25,5.065966667
148,2019-11-26,5.144575
149,2019-11-27,4.909691667
150,2019-11-28,5.075216667
151,2019-11-29,5.35635
152,2019-11-30,4.935858333
153,2019-12-01,5.164416667
154,2019-12-02,4.657616667
155,2019-12-03,3.829925
156,2019-12-04,4.460291667
157,2019-12-05,4.068883333
158,2019-12-06,5.344333333
159,2019-12-07,4.428558333
160,2019-12-08,5.077075
161,2019-12-09,5.0002
162,2019-12-10,4.376766667
163,2019-12-11,5.168558333
164,2019-12-12,4.644183333
165,2019-12-13,4.143758333
166,2019-12-14,4.925783333
167,2019-12-15,5.208358333
168,2019-12-16,4.99965
169,2019-12-17,4.757833333
170,2019-12-18,4.156325
171,2019-12-19,3.243291667
172,2019-12-20,4.259316667
173,2019-12-21,4.399291667
174,2019-12-22,4.312083333
175,2019-12-23,4.073933333
176,2019-12-24,3.98975
177,2019-12-25,4.621975
178,2019-12-26,3.447866667
179,2019-12-27,4.633091667
180,2019-12-28,4.370766667
181,2019-12-29,4.674466667
182,2019-12-30,3.726258333
183,2019-12-31,4.288491667
184,2020-01-01,5.07465
185,2020-01-02,4.731758333
186,2020-01-03,4.44045
187,2020-01-04,3.618475
188,2020-01-05,4.872125
189,2020-01-06,4.023158333
190,2020-01-07,4.219875
191,2020-01-08,3.9045
192,2020-01-09,4.863875
193,2020-01-10,4.460858333
194,2020-01-11,3.445625
195,2020-01-12,2.95095
196,2020-01-13,4.940891667
197,2020-01-14,5.287825
198,2020-01-15,5.303925
199,2020-01-16,4.468491667
200,2020-01-17,4.801725
201,2020-01-18,3.778675
202,2020-01-19,4.791725
203,2020-01-20,5.269483333
204,2020-01-21,4.84485
205,2020-01-22,4.168266667
206,2020-01-23,4.586733333
207,2020-01-24,5.462783333
208,2020-01-25,5.043483333
209,2020-01-26,5.185541667
210,2020-01-27,4.759466667
211,2020-01-28,5.548808333
212,2020-01-29,4.882208333
213,2020-01-30,4.496141667
214,2020-01-31,4.346266667
215,2020-02-01,3.808933333
216,2020-02-02,4.807375
217,2020-02-03,5.049441667
218,2020-02-04,4.772808333
219,2020-02-05,5.172516667
220,2020-02-06,4.62125
221,2020-02-07,5.256708333
222,2020-02-08,4.639883333
223,2020-02-09,3.420391667
224,2020-02-10,4.015516667
225,2020-02-11,5.081233333
226,2020-02-12,4.590058333
227,2020-02-13,5.550083333
228,2020-02-14,4.707008333
229,2020-02-15,5.042708333
230,2020-02-16,4.418366667
231,2020-02-17,5.067591667
232,2020-02-18,5.636816667
233,2020-02-19,6.350425
234,2020-02-20,5.145483333
235,2020-02-21,5.7667
236,2020-02-22,6.243441667
237,2020-02-23,6.434125
238,2020-02-24,6.1229
239,2020-02-25,5.188775
240,2020-02-26,5.680933333
241,2020-02-27,5.403366667
242,2020-02-28,6.12265
243,2020-02-29,5.796691667
244,2020-03-01,5.176516667
245,2020-03-02,4.816608333
246,2020-03-03,4.1532
247,2020-03-04,4.285125
248,2020-03-05,4.463325
249,2020-03-06,3.399758333
250,2020-03-07,5.052308333
251,2020-03-08,4.931158333
252,2020-03-09,4.916208333
253,2020-03-10,5.029041667
254,2020-03-11,4.954483333
255,2020-03-12,6.153458333
256,2020-03-13,6.144225
257,2020-03-14,5.178616667
258,2020-03-15,6.693333333
259,2020-03-16,6.1471
260,2020-03-17,5.987283333
261,2020-03-18,5.698666667
262,2020-03-19,5.195333333
263,2020-03-20,6.153958333
264,2020-03-21,6.044691667
265,2020-03-22,6.300491667
266,2020-03-23,5.735908333
267,2020-03-24,5.065016667
268,2020-03-25,5.75035
269,2020-03-26,5.283633333
270,2020-03-27,5.239491667
271,2020-03-28,4.19995
272,2020-03-29,5.704341667
273,2020-03-30,5.285141667
274,2020-03-31,4.233066667
275,2020-04-01,5.621783333
276,2020-04-02,5.678833333
277,2020-04-03,6.185891667
278,2020-04-04,5.683275
279,2020-04-05,6.892741667
280,2020-04-06,5.083058333
281,2020-04-07,4.884625
282,2020-04-08,3.9222
283,2020-04-09,5.728558333
284,2020-04-10,5.737091667
285,2020-04-11,4.889091667
286,2020-04-12,5.596908333
287,2020-04-13,1.867816667
288,2020-04-14,4.534533333
289,2020-04-15,4.452058333
290,2020-04-16,5.429983333
291,2020-04-17,4.472725
292,2020-04-18,5.449091667
293,2020-04-19,5.1757
294,2020-04-20,5.584291667
295,2020-04-21,6.457483333
296,2020-04-22,4.577166667
297,2020-04-23,5.740241667
298,2020-04-24,5.062733333
299,2020-04-25,5.805525
300,2020-04-26,5.5169
301,2020-04-27,6.154783333
302,2020-04-28,5.878933333
303,2020-04-29,6.08545
304,2020-04-30,5.207166667
305,2020-05-01,6.03805
306,2020-05-02,4.663708333
307,2020-05-03,5.464791667
308,2020-05-04,4.592633333
309,2020-05-05,4.253583333
310,2020-05-06,4.880816667
311,2020-05-07,4.841466667
312,2020-05-08,4.510683333
313,2020-05-09,4.7767
314,2020-05-10,5.5035
315,2020-05-11,3.838958333
316,2020-05-12,4.668425
317,2020-05-13,5.32895
318,2020-05-14,5.247483333
319,2020-05-15,5.217991667
320,2020-05-16,4.272483333
321,2020-05-17,4.650916667
322,2020-05-18,6.124416667
323,2020-05-19,6.448066667
324,2020-05-20,3.399866667
325,2020-05-21,6.2427
326,2020-05-22,6.165941667
327,2020-05-23,1.4891
328,2020-05-24,5.269075
329,2020-05-25,4.344958333
330,2020-05-26,6.278041667
331,2020-05-27,5.529083333
332,2020-05-28,4.094625
333,2020-05-29,3.191908333
334,2020-05-30,4.843125
335,2020-05-31,5.349741667
336,2020-06-01,5.753025
337,2020-06-02,5.967441667
338,2020-06-03,6.481433333
339,2020-06-04,3.482566667
340,2020-06-05,6.091116667
341,2020-06-06,4.356791667
342,2020-06-07,5.720458333
343,2020-06-08,6.532991667
344,2020-06-09,3.159608333
345,2020-06-10,2.94105
346,2020-06-11,4.143441667
347,2020-06-12,5.833833333
348,2020-06-13,4.894733333
349,2020-06-14,2.969216667
350,2020-06-15,4.313208333
351,2020-06-16,4.991241667
352,2020-06-17,5.370116667
353,2020-06-18,6.145133333
354,2020-06-19,3.97175
355,2020-06-20,5.586458333
356,2020-06-21,3.6268
357,2020-06-22,5.206775
358,2020-06-23,5.4909
359,2020-06-24,4.751008333
360,2020-06-25,3.24855
361,2020-06-26,5.469508333
362,2020-06-27,5.332758333
363,2020-06-28,3.041866667
364,2020-06-29,2.168291667
365,2020-06-30,2.612158333
366,2020-07-01,4.446141667
367,2020-07-02,5.703241667
368,2020-07-03,4.314441667
369,2020-07-04,5.0388
370,2020-07-05,3.555841667
371,2020-07-06,3.430008333
372,2020-07-07,5.052775
373,2020-07-08,4.669158333
374,2020-07-09,4.819108333
375,2020-07-10,5.808341667
376,2020-07-11,5.056216667
377,2020-07-12,5.706333333
378,2020-07-13,5.080458333
379,2020-07-14,6.802625
380,2020-07-15,6.373325
381,2020-07-16,3.385833333
382,2020-07-17,4.903241667
383,2020-07-18,3.602683333
384,2020-07-19,5.185658333
385,2020-07-20,4.802258333
386,2020-07-21,3.878741667
387,2020-07-22,5.033941667
388,2020-07-23,5.238233333
389,2020-07-24,4.326291667
390,2020-07-25,5.342891667
391,2020-07-26,4.191575
392,2020-07-27,6.463783333
393,2020-07-28,4.672008333
394,2020-07-29,5.826408333
395,2020-07-30,5.928366667
396,2020-07-31,2.833108333
397,2020-08-01,4.023816667
398,2020-08-02,3.128775
399,2020-08-03,3.270375
400,2020-08-04,3.911008333
401,2020-08-05,4.348208333
402,2020-08-06,4.216683333
403,2020-08-07,4.42375
404,2020-08-08,4.228008333
405,2020-08-09,3.826891667
406,2020-08-10,4.77865
407,2020-08-11,5.032291667
408,2020-08-12,2.374025
409,2020-08-13,3.296125
410,2020-08-14,5.338333333
411,2020-08-15,6.542925
412,2020-08-16,6.588108333
413,2020-08-17,5.805491667
414,2020-08-18,4.6093
415,2020-08-19,4.504258333
416,2020-08-20,4.920458333
417,2020-08-21,5.852966667
418,2020-08-22,5.7299
419,2020-08-23,5.770433333
420,2020-08-24,6.372925
421,2020-08-25,6.375016667
422,2020-08-26,5.904958333
423,2020-08-27,6.356391667
424,2020-08-28,6.098608333
425,2020-08-29,6.4524
426,2020-08-30,4.734875
427,2020-08-31,6.173716667
428,2020-09-01,3.607716667
429,2020-09-02,5.848
430,2020-09-03,5.022025
431,2020-09-04,6.7933
432,2020-09-05,5.315975
433,2020-09-06,5.303933333
434,2020-09-07,6.947316667
435,2020-09-08,5.245983333
436,2020-09-09,3.982816667
437,2020-09-10,4.208775
438,2020-09-11,6.204075
439,2020-09-12,4.825333333
440,2020-09-13,3.430558333
441,2020-09-14,3.86695
442,2020-09-15,5.83625
443,2020-09-16,5.193391667
444,2020-09-17,4.751516667
445,2020-09-18,3.082125
446,2020-09-19,1.961641667
447,2020-09-20,5.438716667
448,2020-09-21,5.726066667
449,2020-09-22,5.455016667
450,2020-09-23,5.434108333
451,2020-09-24,6.261908333
452,2020-09-25,3.901775
453,2020-09-26,3.824825
454,2020-09-27,3.45985
455,2020-09-28,3.970241667
456,2020-09-29,4.564616667
457,2020-09-30,5.392108333
458,2020-10-01,4.0125
459,2020-10-02,2.411141667
460,2020-10-03,5.345891667
461,2020-10-04,4.904075
462,2020-10-05,3.05
463,2020-10-06,3.399941667
464,2020-10-07,1.767241667
465,2020-10-08,4.223466667
466,2020-10-09,1.825283333
467,2020-10-10,2.645533333
468,2020-10-11,2.573858333
469,2020-10-12,4.169058333
470,2020-10-13,4.326308333
471,2020-10-14,2.54325
472,2020-10-15,2.999
473,2020-10-16,2.124833333
474,2020-10-17,2.839691667
475,2020-10-18,2.898758333
476,2020-10-19,4.856016667
477,2020-10-20,4.438566667
478,2020-10-21,3.001575
479,2020-10-22,5.948458333
480,2020-10-23,5.029258333
481,2020-10-24,5.099741667
482,2020-10-25,2.715316667
483,2020-10-26,5.14175
484,2020-10-27,3.935491667
485,2020-10-28,2.206325
486,2020-10-29,3.794083333
487,2020-10-30,4.33635
488,2020-10-31,3.985316667
489,2020-11-01,4.631875
490,2020-11-02,3.199641667
491,2020-11-03,5.397516667
492,2020-11-04,3.881266667
493,2020-11-05,5.158883333
494,2020-11-06,2.401275
495,2020-11-07,4.188108333
496,2020-11-08,4.948775
497,2020-11-09,3.40385
498,2020-11-10,3.473483333
499,2020-11-11,3.210316667
500,2020-11-12,4.436241667
501,2020-11-13,4.856416667
502,2020-11-14,5.4906
503,2020-11-15,4.450458333
504,2020-11-16,4.598091667
505,2020-11-17,5.437575
506,2020-11-18,3.887516667
507,2020-11-19,3.99265
508,2020-11-20,4.206191667
509,2020-11-21,3.515766667
510,2020-11-22,4.502883333
511,2020-11-23,3.430041667
512,2020-11-24,4.42425
513,2020-11-25,4.824158333
514,2020-11-26,4.384575
515,2020-11-27,4.1413
516,2020-11-28,4.05465
517,2020-11-29,2.462508333
518,2020-11-30,3.986191667
519,2020-12-01,3.422875
520,2020-12-02,4.100191667
521,2020-12-03,5.60325
522,2020-12-04,5.626008333
523,2020-12-05,5.074833333
524,2020-12-06,5.420141667
525,2020-12-07,3.066733333
526,2020-12-08,4.480466667
527,2020-12-09,3.3859
528,2020-12-10,3.428716667
529,2020-12-11,2.8102
530,2020-12-12,3.284166667
531,2020-12-13,2.810166667
532,2020-12-14,4.296166667
533,2020-12-15,4.15135
534,2020-12-16,4.663783333
535,2020-12-17,4.445075
536,2020-12-18,3.599541667
537,2020-12-19,3.687291667
538,2020-12-20,3.353266667
539,2020-12-21,4.921075
540,2020-12-22,2.876825
541,2020-12-23,3.4587
542,2020-12-24,4.203441667
543,2020-12-25,4.012741667
544,2020-12-26,4.949166667
545,2020-12-27,4.482958333
546,2020-12-28,4.528641667
547,2020-12-29,4.800583333
548,2020-12-30,2.427341667
549,2020-12-31,3.629525
550,2021-01-01,2.786683333
551,2021-01-02,3.874108333
552,2021-01-03,4.827366667
553,2021-01-04,4.065383333
554,2021-01-05,4.0429
555,2021-01-06,3.949783333
556,2021-01-07,4.947341667
557,2021-01-08,5.051108333
558,2021-01-09,5.2389
559,2021-01-10,4.8213
560,2021-01-11,4.975141667
561,2021-01-12,4.866616667
562,2021-01-13,5.033091667
563,2021-01-14,4.440375
564,2021-01-15,4.514583333
565,2021-01-16,4.349475
566,2021-01-17,4.833258333
567,2021-01-18,5.544341667
568,2021-01-19,3.88405
569,2021-01-20,3.496041667
570,2021-01-21,3.969733333
571,2021-01-22,3.324808333
572,2021-01-23,3.377008333
573,2021-01-24,3.681925
574,2021-01-25,4.29905
575,2021-01-26,4.239008333
576,2021-01-27,4.010408333
577,2021-01-28,4.213233333
578,2021-01-29,5.424616667
579,2021-01-30,4.741075
580,2021-01-31,4.604041667
581,2021-02-01,4.621641667
582,2021-02-02,5.495841667
583,2021-02-03,5.2928
584,2021-02-04,4.473416667
585,2021-02-05,4.504841667
586,2021-02-06,4.159225
587,2021-02-07,3.478141667
588,2021-02-08,3.205775
589,2021-02-09,5.045083333
590,2021-02-10,4.277683333
591,2021-02-11,2.390758333
592,2021-02-12,4.068308333
593,2021-02-13,5.202675
594,2021-02-14,4.364241667
595,2021-02-15,4.697391667
596,2021-02-16,5.241525
597,2021-02-17,5.940891667
598,2021-02-18,5.53465
599,2021-02-19,5.472708333
600,2021-02-20,6.008566667
601,2021-02-21,5.999541667
602,2021-02-22,5.196675
603,2021-02-23,5.446766667
604,2021-02-24,4.6578
605,2021-02-25,5.31395
606,2021-02-26,4.556158333
607,2021-02-27,3.493283333
608,2021-02-28,4.582141667
609,2021-03-01,5.4687
610,2021-03-02,4.935983333
611,2021-03-03,4.19625
612,2021-03-04,5.165466667
613,2021-03-05,6.486008333
614,2021-03-06,5.915858333
615,2021-03-07,5.639083333
616,2021-03-08,5.1473
617,2021-03-09,4.57085
618,2021-03-10,4.772283333
619,2021-03-11,5.075016667
620,2021-03-12,5.343283333
621,2021-03-13,5.711466667
622,2021-03-14,6.122858333
623,2021-03-15,5.025025
624,2021-03-16,4.547383333
625,2021-03-17,5.219116667
626,2021-03-18,4.648075
627,2021-03-19,4.957
628,2021-03-20,3.220425
629,2021-03-21,4.30625
630,2021-03-22,6.015591667
631,2021-03-23,6.209658333
632,2021-03-24,5.930958333
633,2021-03-25,5.744208333
634,2021-03-26,6.382258333
635,2021-03-27,5.880091667
636,2021-03-28,6.058016667
637,2021-03-29,5.221883333
638,2021-03-30,4.50345
639,2021-03-31,5.7723
640,2021-04-01,5.695466667
641,2021-04-02,5.393075
642,2021-04-03,5.281491667
643,2021-04-04,4.4688
644,2021-04-05,5.544483333
645,2021-04-20,5.541141667
646,2021-04-21,3.62395
647,2021-04-22,3.492116667
648,2021-04-23,2.394136241
649,2021-04-24,3.798924019
650,2021-04-25,2.735408262
651,2021-04-26,3.089371597
652,2021-04-27,3.055165786
653,2021-04-28,3.627878567
654,2021-04-29,4.539083967
655,2021-04-30,2.591562824
656,2021-05-01,5.292419368
657,2021-05-02,4.431024888
658,2021-05-03,5.883403687
659,2021-05-04,4.570410435
660,2021-05-05,2.253509217
661,2021-05-06,4.692892997
662,2021-05-07,3.644346039
663,2021-05-08,2.227714066
664,2021-05-09,5.552725485
665,2021-05-10,4.773650032
666,2021-05-11,4.13724155
667,2021-05-12,5.692629246
668,2021-05-13,4.949871427
669,2021-05-14,2.755736898
670,2021-05-15,4.155358975
671,2021-05-16,5.604047307
672,2021-05-17,5.142796085
673,2021-05-18,2.293150014
674,2021-05-19,3.053645955
675,2021-05-20,4.029908446
676,2021-05-21,3.486734001
677,2021-05-22,2.402452251
678,2021-05-23,5.544250301
679,2021-05-24,4.281675428
680,2021-05-25,3.316844593
681,2021-05-26,5.779133295
682,2021-05-27,2.546229425
683,2021-05-28,3.139226802
684,2021-05-29,3.038622696
685,2021-05-30,4.492467527
686,2021-05-31,5.732635684
687,2021-06-01,4.195066667
688,2021-06-02,4.877116667
689,2021-06-05,5.0684
690,2021-06-06,3.99225
691,2021-06-07,5.365591667
692,2021-06-08,2.611183333
693,2021-06-09,5.204808333
694,2021-06-10,3.592533333
695,2021-06-11,5.396108333
696,2021-06-12,4.161741667
697,2021-06-13,5.448483333
698,2021-06-14,5.926033333
699,2021-06-15,3.932033333
700,2021-06-16,4.729975
701,2021-06-17,6.520441667
702,2021-06-18,6.123708333
703,2021-06-19,5.056091667
704,2021-06-20,5.725175
705,2021-06-21,4.051708333
706,2021-06-22,4.164675
707,2021-06-23,4.859341667
708,2021-06-24,5.739525
709,2021-06-25,5.90975
710,2021-06-26,6.281358333
711,2021-06-27,5.852325
712,2021-06-28,5.981325
713,2021-06-29,5.256925
714,2021-06-30,3.089816667
715,2021-07-01,6.332116667
716,2021-07-02,6.18565
717,2021-07-03,5.4784
718,2021-07-04,3.296966667
719,2021-07-05,3.667841667
720,2021-07-06,2.852183333
721,2021-07-07,2.717125
722,2021-07-08,3.595508333
723,2021-07-09,4.808441667
724,2021-07-10,5.292016667
725,2021-07-11,5.98765
726,2021-07-12,4.842283333
727,2021-07-13,4.506258333
728,2021-07-14,3.985116667
729,2021-07-15,3.222533333
730,2021-07-16,5.855191667
731,2021-07-17,6.5543
732,2021-07-18,3.73
733,2021-07-19,4.535691667
734,2021-07-20,5.722691667
735,2021-07-21,3.865775
736,2021-07-22,4.174416667
737,2021-07-23,2.655541667
738,2021-07-24,5.254816667
739,2021-07-25,4.542575
740,2021-07-26,5.688958333
741,2021-07-27,5.361808333
742,2021-07-28,2.928783333
743,2021-07-29,4.2413
744,2021-07-30,5.188091667
745,2021-07-31,5.100383333
746,2021-08-01,5.665241667
747,2021-08-02,5.767216667
748,2021-08-03,4.787883333
749,2021-08-04,5.460966667
750,2021-08-05,4.524466667
751,2021-08-06,4.662016667
752,2021-08-07,5.138308333
753,2021-08-08,5.625883333
754,2021-08-09,5.828241667
755,2021-08-10,5.149116667
756,2021-08-11,4.361525
757,2021-08-12,5.940125
758,2021-08-13,4.5078
759,2021-08-14,4.780541667
760,2021-08-15,3.1595
761,2021-08-16,6.798441667
762,2021-08-17,5.053208333
763,2021-08-18,5.964591667
764,2021-08-19,6.168666667
765,2021-08-20,4.348666667
766,2021-08-21,6.70605
767,2021-08-22,6.500833333
768,2021-08-23,5.047366667
769,2021-08-24,5.3084
770,2021-08-25,3.497525
771,2021-08-26,5.08975
772,2021-08-27,6.084875
773,2021-08-28,2.886766667
774,2021-08-29,4.808008333
775,2021-08-30,4.709216667
776,2021-08-31,5.390408333
777,2021-09-01,4.287058333
778,2021-09-02,4.798375
779,2021-09-03,4.6332
780,2021-09-04,4.0792
781,2021-09-05,4.747466667
782,2021-09-06,4.892291667
783,2021-09-07,4.6983
784,2021-09-08,4.8834
785,2021-09-09,4.021166667
786,2021-09-10,4.851216667
787,2021-09-11,4.786425
788,2021-09-12,3.48995
789,2021-09-13,3.51
790,2021-09-14,4.23825
791,2021-09-15,4.308225
792,2021-09-16,4.453066667
793,2021-09-17,4.11275
794,2021-09-18,5.213008333
795,2021-09-19,2.938925
796,2021-09-20,4.525633333
797,2021-09-21,3.796208333
798,2021-09-22,5.418633333
799,2021-09-23,4.212283333
800,2021-09-24,3.27
801,2021-09-25,5.464258333
802,2021-09-26,2.443658333
803,2021-09-27,5.290108333
804,2021-09-28,5.242925
805,2021-09-29,5.312208333
806,2021-09-30,3.7533
807,2021-10-01,2.890266667
808,2021-10-02,2.241108333
809,2021-10-03,3.25835
810,2021-10-04,3.980583333
811,2021-10-05,4.432375
812,2021-10-06,2.569391667
813,2021-10-07,3.308558333
814,2021-10-08,4.530558333
815,2021-10-09,4.019216667
816,2021-10-10,4.879491667
817,2021-10-11,3.888933333
818,2021-10-12,3.69335
819,2021-10-13,4.217616667
820,2021-10-14,4.225558333
821,2021-10-15,4.874091667
822,2021-10-16,3.088991667
823,2021-10-17,2.655141667
824,2021-10-18,3.646175
825,2021-10-19,4.813958333
826,2021-10-20,3.462341667
827,2021-10-21,4.521408333
828,2021-10-22,3.811491667
829,2021-10-23,5.23085
830,2021-10-24,5.215608333
831,2021-10-25,4.301241667
832,2021-10-26,4.34445
833,2021-10-27,2.7031
834,2021-10-28,4.804625
835,2021-10-29,4.6817
836,2021-10-30,5.343966667
837,2021-10-31,4.882691667
838,2021-11-01,5.157433333
839,2021-11-02,5.658
840,2021-11-03,5.717733333
841,2021-11-04,4.610741667
842,2021-11-05,4.493766667
843,2021-11-06,4.409416667
844,2021-11-07,5.132466667
845,2021-11-08,4.932991667
846,2021-11-09,3.22415
847,2021-11-10,3.982908333
848,2021-11-11,3.147491667
849,2021-11-12,5.170041667
850,2021-11-13,4.65255
851,2021-11-14,2.8508
852,2021-11-15,3.419125
853,2021-11-16,3.139875
854,2021-11-17,4.831783333
855,2021-11-18,4.327291667
856,2021-11-19,4.265508333
857,2021-11-20,3.625275
858,2021-11-21,5.127283333
859,2021-11-22,2.969658333
860,2021-11-23,4.362266667
861,2021-11-24,4.224641667
862,2021-11-25,4.057691667
863,2021-11-26,4.631066667
864,2021-11-27,1.684283333
865,2021-11-28,3.185458333
866,2021-11-29,2.700216667
867,2021-11-30,2.478966667
868,2021-12-01,4.040033333
869,2021-12-02,4.209466667
870,2021-12-03,5.584608333
871,2021-12-04,4.317975
872,2021-12-05,4.869316667
873,2021-12-06,4.898133333
874,2021-12-07,4.362108333
875,2021-12-08,4.85815
876,2021-12-09,3.397541667
877,2021-12-10,5.471958333
878,2021-12-11,4.818091667
879,2021-12-12,4.694283333
880,2021-12-13,4.765308333
881,2021-12-14,4.7271
882,2021-12-15,4.8865
883,2021-12-16,3.369958333
884,2021-12-17,3.554241667
885,2021-12-18,4.851925
886,2021-12-19,3.424116667
887,2021-12-20,4.136958333
888,2021-12-21,4.197316667
889,2021-12-22,2.564775
890,2021-12-23,3.409658333
891,2021-12-24,3.881258333
892,2021-12-25,4.682108333
893,2021-12-26,4.1058
894,2021-12-27,3.863683333
895,2021-12-28,4.023341667
896,2021-12-29,3.707125
897,2021-12-30,4.752783333
898,2021-12-31,5.5853
899,2022-01-01,5.084191667
900,2022-01-02,4.54415
901,2022-01-03,4.367208333
902,2022-01-04,4.724058333
903,2022-01-05,3.9985
904,2022-01-06,3.5042
905,2022-01-07,4.089358333
906,2022-01-08,4.83185
907,2022-01-09,4.600666667
908,2022-01-10,4.306733333
909,2022-01-11,4.370066667
910,2022-01-12,4.761333333
911,2022-01-13,4.948008333
912,2022-01-14,4.740716667
913,2022-01-15,4.593716667
914,2022-01-16,4.543225
915,2022-01-17,3.3945
916,2022-01-18,4.994683333
917,2022-01-19,4.877458333
918,2022-01-20,5.157525
919,2022-01-21,4.276675
920,2022-01-22,4.458325
921,2022-01-23,4.231091667
922,2022-01-24,3.60555
923,2022-01-25,3.376491667
924,2022-01-26,4.305258333
925,2022-01-27,5.072183333
926,2022-01-28,4.640791667
927,2022-01-29,4.220491667
928,2022-01-30,3.830216667
929,2022-01-31,5.159383333
930,2022-02-01,5.045475
931,2022-02-02,5.312308333
932,2022-02-03,4.893833333
933,2022-02-04,5.666016667
934,2022-02-05,5.260066667
935,2022-02-06,4.804358333
936,2022-02-07,4.666641667
937,2022-02-08,4.104
938,2022-02-09,5.32515
939,2022-02-10,5.388183333
940,2022-02-11,4.062983333
941,2022-02-12,5.237983333
942,2022-02-13,3.7119
943,2022-02-14,4.431283333
944,2022-02-15,4.990216667
945,2022-02-16,4.149233333
946,2022-02-17,4.318383333
947,2022-02-18,5.188325
948,2022-02-19,4.450266667
949,2022-02-20,4.419858333
950,2022-02-21,4.836308333
951,2022-02-22,4.611808333
952,2022-02-23,4.886116667
953,2022-02-24,5.199866667
954,2022-02-25,5.2465
955,2022-02-26,6.427275
956,2022-02-27,6.287241667
957,2022-02-28,5.909541667
958,2022-03-01,5.74105
959,2022-03-02,3.948875
960,2022-03-03,6.092025
961,2022-03-04,5.41575
962,2022-03-05,5.110141667
963,2022-03-06,6.016166667
964,2022-03-07,5.128958333
965,2022-03-08,6.368116667
966,2022-03-09,5.415233333
967,2022-03-10,4.164808333
968,2022-03-11,5.839325
969,2022-03-12,4.187916667
970,2022-03-13,5.754641667
971,2022-03-14,5.3176
972,2022-03-15,4.818283333
973,2022-03-16,4.7711
974,2022-03-17,4.87725
975,2022-03-18,4.700166667
976,2022-03-19,5.915041667
977,2022-03-20,4.226183333
978,2022-03-21,3.431675
979,2022-03-22,3.580491667
980,2022-03-23,4.997616667
981,2022-03-24,5.12505
